{
  "job_id": "ec92fe13-d6ec-41a9-a795-b458a3e9f753",
  "status": "SUCCEEDED",
  "total_images": 2,
  "images": [
    {
      "image": "/jobs/ec92fe13-d6ec-41a9-a795-b458a3e9f753/input/10.png",
      "image_rel": "input/10.png",
      "objects": [
        {
          "label": "product",
          "class_id": 0,
          "confidence": 0.8053680658340454,
          "bbox": [
            952,
            537,
            1044,
            689
          ],
          "crop": "/jobs/ec92fe13-d6ec-41a9-a795-b458a3e9f753/crops/10_obj001_product.jpg",
          "crop_rel": "crops/10_obj001_product.jpg",
          "pred_label": "UNKNOWN",
          "pred_confidence": 0.9927619673551007
        },
        {
          "label": "product",
          "class_id": 0,
          "confidence": 0.7892828583717346,
          "bbox": [
            756,
            530,
            854,
            687
          ],
          "crop": "/jobs/ec92fe13-d6ec-41a9-a795-b458a3e9f753/crops/10_obj002_product.jpg",
          "crop_rel": "crops/10_obj002_product.jpg",
          "pred_label": "UNKNOWN",
          "pred_confidence": 0.9948869162893534
        },
        {
          "label": "product",
          "class_id": 0,
          "confidence": 0.7814111113548279,
          "bbox": [
            761,
            720,
            859,
            839
          ],
          "crop": "/jobs/ec92fe13-d6ec-41a9-a795-b458a3e9f753/crops/10_obj003_product.jpg",
          "crop_rel": "crops/10_obj003_product.jpg",
          "pred_label": "UNKNOWN",
          "pred_confidence": 0.9938821850787757
        },
        {
          "label": "product",
          "class_id": 0,
          "confidence": 0.7797163724899292,
          "bbox": [
            861,
            533,
            950,
            689
          ],
          "crop": "/jobs/ec92fe13-d6ec-41a9-a795-b458a3e9f753/crops/10_obj004_product.jpg",
          "crop_rel": "crops/10_obj004_product.jpg",
          "pred_label": "UNKNOWN",
          "pred_confidence": 0.994319283155408
        },
        {
          "label": "product",
          "class_id": 0,
          "confidence": 0.7732824087142944,
          "bbox": [
            863,
            723,
            959,
            840
          ],
          "crop": "/jobs/ec92fe13-d6ec-41a9-a795-b458a3e9f753/crops/10_obj005_product.jpg",
          "crop_rel": "crops/10_obj005_product.jpg",
          "pred_label": "UNKNOWN",
          "pred_confidence": 0.9950114297337833
        },
        {
          "label": "product",
          "class_id": 0,
          "confidence": 0.7729602456092834,
          "bbox": [
            669,
            723,
            759,
            840
          ],
          "crop": "/jobs/ec92fe13-d6ec-41a9-a795-b458a3e9f753/crops/10_obj006_product.jpg",
          "crop_rel": "crops/10_obj006_product.jpg",
          "pred_label": "UNKNOWN",
          "pred_confidence": 0.997928344245373
        },
        {
          "label": "product",
          "class_id": 0,
          "confidence": 0.7693788409233093,
          "bbox": [
            1132,
            532,
            1199,
            689
          ],
          "crop": "/jobs/ec92fe13-d6ec-41a9-a795-b458a3e9f753/crops/10_obj007_product.jpg",
          "crop_rel": "crops/10_obj007_product.jpg",
          "pred_label": "UNKNOWN",
          "pred_confidence": 0.9948006087812695
        },
        {
          "label": "product",
          "class_id": 0,
          "confidence": 0.7668155431747437,
          "bbox": [
            1046,
            535,
            1127,
            688
          ],
          "crop": "/jobs/ec92fe13-d6ec-41a9-a795-b458a3e9f753/crops/10_obj008_product.jpg",
          "crop_rel": "crops/10_obj008_product.jpg",
          "pred_label": "UNKNOWN",
          "pred_confidence": 0.9941250619324297
        },
        {
          "label": "product",
          "class_id": 0,
          "confidence": 0.7664207220077515,
          "bbox": [
            673,
            1023,
            761,
            1140
          ],
          "crop": "/jobs/ec92fe13-d6ec-41a9-a795-b458a3e9f753/crops/10_obj009_product.jpg",
          "crop_rel": "crops/10_obj009_product.jpg",
          "pred_label": "UNKNOWN",
          "pred_confidence": 0.9796161819952868
        },
        {
          "label": "product",
          "class_id": 0,
          "confidence": 0.7581344246864319,
          "bbox": [
            664,
            535,
            755,
            686
          ],
          "crop": "/jobs/ec92fe13-d6ec-41a9-a795-b458a3e9f753/crops/10_obj010_product.jpg",
          "crop_rel": "crops/10_obj010_product.jpg",
          "pred_label": "UNKNOWN",
          "pred_confidence": 0.9956019158828201
        },
        {
          "label": "product",
          "class_id": 0,
          "confidence": 0.7547671794891357,
          "bbox": [
            927,
            1027,
            1002,
            1147
          ],
          "crop": "/jobs/ec92fe13-d6ec-41a9-a795-b458a3e9f753/crops/10_obj011_product.jpg",
          "crop_rel": "crops/10_obj011_product.jpg",
          "pred_label": "UNKNOWN",
          "pred_confidence": 0.983844210681198
        },
        {
          "label": "product",
          "class_id": 0,
          "confidence": 0.7482858300209045,
          "bbox": [
            956,
            1186,
            1040,
            1300
          ],
          "crop": "/jobs/ec92fe13-d6ec-41a9-a795-b458a3e9f753/crops/10_obj012_product.jpg",
          "crop_rel": "crops/10_obj012_product.jpg",
          "pred_label": "UNKNOWN",
          "pred_confidence": 0.9662334332775276
        },
        {
          "label": "product",
          "class_id": 0,
          "confidence": 0.7461420297622681,
          "bbox": [
            234,
            317,
            346,
            474
          ],
          "crop": "/jobs/ec92fe13-d6ec-41a9-a795-b458a3e9f753/crops/10_obj013_product.jpg",
          "crop_rel": "crops/10_obj013_product.jpg",
          "pred_label": "UNKNOWN",
          "pred_confidence": 0.9830616437081692
        },
        {
          "label": "product",
          "class_id": 0,
          "confidence": 0.7420629858970642,
          "bbox": [
            123,
            308,
            231,
            471
          ],
          "crop": "/jobs/ec92fe13-d6ec-41a9-a795-b458a3e9f753/crops/10_obj014_product.jpg",
          "crop_rel": "crops/10_obj014_product.jpg",
          "pred_label": "UNKNOWN",
          "pred_confidence": 0.9843305635024303
        },
        {
          "label": "product",
          "class_id": 0,
          "confidence": 0.740769624710083,
          "bbox": [
            578,
            339,
            680,
            485
          ],
          "crop": "/jobs/ec92fe13-d6ec-41a9-a795-b458a3e9f753/crops/10_obj015_product.jpg",
          "crop_rel": "crops/10_obj015_product.jpg",
          "pred_label": "UNKNOWN",
          "pred_confidence": 0.9829146209115974
        },
        {
          "label": "product",
          "class_id": 0,
          "confidence": 0.7369429469108582,
          "bbox": [
            1141,
            1031,
            1199,
            1146
          ],
          "crop": "/jobs/ec92fe13-d6ec-41a9-a795-b458a3e9f753/crops/10_obj016_product.jpg",
          "crop_rel": "crops/10_obj016_product.jpg",
          "pred_label": "UNKNOWN",
          "pred_confidence": 0.9736172065189798
        },
        {
          "label": "product",
          "class_id": 0,
          "confidence": 0.7322550415992737,
          "bbox": [
            628,
            1187,
            708,
            1311
          ],
          "crop": "/jobs/ec92fe13-d6ec-41a9-a795-b458a3e9f753/crops/10_obj017_product.jpg",
          "crop_rel": "crops/10_obj017_product.jpg",
          "pred_label": "UNKNOWN",
          "pred_confidence": 0.9761026429998512
        },
        {
          "label": "product",
          "class_id": 0,
          "confidence": 0.730617344379425,
          "bbox": [
            762,
            1025,
            841,
            1142
          ],
          "crop": "/jobs/ec92fe13-d6ec-41a9-a795-b458a3e9f753/crops/10_obj018_product.jpg",
          "crop_rel": "crops/10_obj018_product.jpg",
          "pred_label": "UNKNOWN",
          "pred_confidence": 0.9849779760322377
        },
        {
          "label": "product",
          "class_id": 0,
          "confidence": 0.7284919619560242,
          "bbox": [
            461,
            320,
            575,
            482
          ],
          "crop": "/jobs/ec92fe13-d6ec-41a9-a795-b458a3e9f753/crops/10_obj019_product.jpg",
          "crop_rel": "crops/10_obj019_product.jpg",
          "pred_label": "UNKNOWN",
          "pred_confidence": 0.9901753552880761
        },
        {
          "label": "product",
          "class_id": 0,
          "confidence": 0.7270125150680542,
          "bbox": [
            843,
            1028,
            926,
            1144
          ],
          "crop": "/jobs/ec92fe13-d6ec-41a9-a795-b458a3e9f753/crops/10_obj020_product.jpg",
          "crop_rel": "crops/10_obj020_product.jpg",
          "pred_label": "UNKNOWN",
          "pred_confidence": 0.9594052268524511
        },
        {
          "label": "product",
          "class_id": 0,
          "confidence": 0.72646164894104,
          "bbox": [
            1117,
            721,
            1199,
            834
          ],
          "crop": "/jobs/ec92fe13-d6ec-41a9-a795-b458a3e9f753/crops/10_obj021_product.jpg",
          "crop_rel": "crops/10_obj021_product.jpg",
          "pred_label": "UNKNOWN",
          "pred_confidence": 0.9928756159111066
        },
        {
          "label": "product",
          "class_id": 0,
          "confidence": 0.7254666090011597,
          "bbox": [
            347,
            306,
            459,
            478
          ],
          "crop": "/jobs/ec92fe13-d6ec-41a9-a795-b458a3e9f753/crops/10_obj022_product.jpg",
          "crop_rel": "crops/10_obj022_product.jpg",
          "pred_label": "UNKNOWN",
          "pred_confidence": 0.9877156040022205
        },
        {
          "label": "product",
          "class_id": 0,
          "confidence": 0.7175794839859009,
          "bbox": [
            960,
            724,
            1048,
            840
          ],
          "crop": "/jobs/ec92fe13-d6ec-41a9-a795-b458a3e9f753/crops/10_obj023_product.jpg",
          "crop_rel": "crops/10_obj023_product.jpg",
          "pred_label": "UNKNOWN",
          "pred_confidence": 0.9949391086693804
        },
        {
          "label": "product",
          "class_id": 0,
          "confidence": 0.6992831826210022,
          "bbox": [
            1033,
            870,
            1121,
            982
          ],
          "crop": "/jobs/ec92fe13-d6ec-41a9-a795-b458a3e9f753/crops/10_obj024_product.jpg",
          "crop_rel": "crops/10_obj024_product.jpg",
          "pred_label": "UNKNOWN",
          "pred_confidence": 0.968728904446552
        },
        {
          "label": "product",
          "class_id": 0,
          "confidence": 0.6949793696403503,
          "bbox": [
            587,
            723,
            665,
            838
          ],
          "crop": "/jobs/ec92fe13-d6ec-41a9-a795-b458a3e9f753/crops/10_obj025_product.jpg",
          "crop_rel": "crops/10_obj025_product.jpg",
          "pred_label": "UNKNOWN",
          "pred_confidence": 0.9798437123110759
        },
        {
          "label": "product",
          "class_id": 0,
          "confidence": 0.6946439146995544,
          "bbox": [
            110,
            1230,
            200,
            1316
          ],
          "crop": "/jobs/ec92fe13-d6ec-41a9-a795-b458a3e9f753/crops/10_obj026_product.jpg",
          "crop_rel": "crops/10_obj026_product.jpg",
          "pred_label": "UNKNOWN",
          "pred_confidence": 0.9813004467586123
        },
        {
          "label": "product",
          "class_id": 0,
          "confidence": 0.6935381889343262,
          "bbox": [
            842,
            867,
            939,
            985
          ],
          "crop": "/jobs/ec92fe13-d6ec-41a9-a795-b458a3e9f753/crops/10_obj027_product.jpg",
          "crop_rel": "crops/10_obj027_product.jpg",
          "pred_label": "UNKNOWN",
          "pred_confidence": 0.9759217442466959
        },
        {
          "label": "product",
          "class_id": 0,
          "confidence": 0.6911473274230957,
          "bbox": [
            1124,
            869,
            1199,
            981
          ],
          "crop": "/jobs/ec92fe13-d6ec-41a9-a795-b458a3e9f753/crops/10_obj028_product.jpg",
          "crop_rel": "crops/10_obj028_product.jpg",
          "pred_label": "UNKNOWN",
          "pred_confidence": 0.9714111836305793
        },
        {
          "label": "product",
          "class_id": 0,
          "confidence": 0.6872175335884094,
          "bbox": [
            0,
            291,
            118,
            466
          ],
          "crop": "/jobs/ec92fe13-d6ec-41a9-a795-b458a3e9f753/crops/10_obj029_product.jpg",
          "crop_rel": "crops/10_obj029_product.jpg",
          "pred_label": "UNKNOWN",
          "pred_confidence": 0.9917677095249504
        },
        {
          "label": "product",
          "class_id": 0,
          "confidence": 0.6867889761924744,
          "bbox": [
            37,
            1217,
            108,
            1302
          ],
          "crop": "/jobs/ec92fe13-d6ec-41a9-a795-b458a3e9f753/crops/10_obj030_product.jpg",
          "crop_rel": "crops/10_obj030_product.jpg",
          "pred_label": "UNKNOWN",
          "pred_confidence": 0.992327184031113
        },
        {
          "label": "product",
          "class_id": 0,
          "confidence": 0.6851037740707397,
          "bbox": [
            1048,
            726,
            1116,
            838
          ],
          "crop": "/jobs/ec92fe13-d6ec-41a9-a795-b458a3e9f753/crops/10_obj031_product.jpg",
          "crop_rel": "crops/10_obj031_product.jpg",
          "pred_label": "UNKNOWN",
          "pred_confidence": 0.9952751639120293
        },
        {
          "label": "product",
          "class_id": 0,
          "confidence": 0.6813367009162903,
          "bbox": [
            580,
            551,
            658,
            682
          ],
          "crop": "/jobs/ec92fe13-d6ec-41a9-a795-b458a3e9f753/crops/10_obj032_product.jpg",
          "crop_rel": "crops/10_obj032_product.jpg",
          "pred_label": "UNKNOWN",
          "pred_confidence": 0.9586555672845737
        },
        {
          "label": "product",
          "class_id": 0,
          "confidence": 0.6780177354812622,
          "bbox": [
            880,
            1189,
            955,
            1292
          ],
          "crop": "/jobs/ec92fe13-d6ec-41a9-a795-b458a3e9f753/crops/10_obj033_product.jpg",
          "crop_rel": "crops/10_obj033_product.jpg",
          "pred_label": "UNKNOWN",
          "pred_confidence": 0.9896867701707717
        },
        {
          "label": "product",
          "class_id": 0,
          "confidence": 0.6686872243881226,
          "bbox": [
            987,
            356,
            1085,
            486
          ],
          "crop": "/jobs/ec92fe13-d6ec-41a9-a795-b458a3e9f753/crops/10_obj034_product.jpg",
          "crop_rel": "crops/10_obj034_product.jpg",
          "pred_label": "UNKNOWN",
          "pred_confidence": 0.9897344358473097
        },
        {
          "label": "product",
          "class_id": 0,
          "confidence": 0.6686475276947021,
          "bbox": [
            1073,
            1030,
            1139,
            1147
          ],
          "crop": "/jobs/ec92fe13-d6ec-41a9-a795-b458a3e9f753/crops/10_obj035_product.jpg",
          "crop_rel": "crops/10_obj035_product.jpg",
          "pred_label": "UNKNOWN",
          "pred_confidence": 0.9917285069253142
        },
        {
          "label": "product",
          "class_id": 0,
          "confidence": 0.6664319038391113,
          "bbox": [
            940,
            868,
            1033,
            982
          ],
          "crop": "/jobs/ec92fe13-d6ec-41a9-a795-b458a3e9f753/crops/10_obj036_product.jpg",
          "crop_rel": "crops/10_obj036_product.jpg",
          "pred_label": "UNKNOWN",
          "pred_confidence": 0.9707141877585778
        },
        {
          "label": "product",
          "class_id": 0,
          "confidence": 0.6660289764404297,
          "bbox": [
            517,
            556,
            578,
            681
          ],
          "crop": "/jobs/ec92fe13-d6ec-41a9-a795-b458a3e9f753/crops/10_obj037_product.jpg",
          "crop_rel": "crops/10_obj037_product.jpg",
          "pred_label": "UNKNOWN",
          "pred_confidence": 0.9898762775533445
        },
        {
          "label": "product",
          "class_id": 0,
          "confidence": 0.6659016609191895,
          "bbox": [
            711,
            1193,
            790,
            1306
          ],
          "crop": "/jobs/ec92fe13-d6ec-41a9-a795-b458a3e9f753/crops/10_obj038_product.jpg",
          "crop_rel": "crops/10_obj038_product.jpg",
          "pred_label": "UNKNOWN",
          "pred_confidence": 0.9830667720332382
        },
        {
          "label": "product",
          "class_id": 0,
          "confidence": 0.6658359169960022,
          "bbox": [
            1107,
            1188,
            1176,
            1301
          ],
          "crop": "/jobs/ec92fe13-d6ec-41a9-a795-b458a3e9f753/crops/10_obj039_product.jpg",
          "crop_rel": "crops/10_obj039_product.jpg",
          "pred_label": "UNKNOWN",
          "pred_confidence": 0.9838779274367625
        },
        {
          "label": "product",
          "class_id": 0,
          "confidence": 0.6656420826911926,
          "bbox": [
            320,
            719,
            393,
            834
          ],
          "crop": "/jobs/ec92fe13-d6ec-41a9-a795-b458a3e9f753/crops/10_obj040_product.jpg",
          "crop_rel": "crops/10_obj040_product.jpg",
          "pred_label": "UNKNOWN",
          "pred_confidence": 0.988411137138292
        },
        {
          "label": "product",
          "class_id": 0,
          "confidence": 0.6550169587135315,
          "bbox": [
            427,
            890,
            477,
            980
          ],
          "crop": "/jobs/ec92fe13-d6ec-41a9-a795-b458a3e9f753/crops/10_obj041_product.jpg",
          "crop_rel": "crops/10_obj041_product.jpg",
          "pred_label": "UNKNOWN",
          "pred_confidence": 0.8834689635848648
        },
        {
          "label": "product",
          "class_id": 0,
          "confidence": 0.6544008255004883,
          "bbox": [
            538,
            1209,
            622,
            1318
          ],
          "crop": "/jobs/ec92fe13-d6ec-41a9-a795-b458a3e9f753/crops/10_obj042_product.jpg",
          "crop_rel": "crops/10_obj042_product.jpg",
          "pred_label": "UNKNOWN",
          "pred_confidence": 0.9893158208989835
        },
        {
          "label": "product",
          "class_id": 0,
          "confidence": 0.6540675759315491,
          "bbox": [
            667,
            870,
            751,
            979
          ],
          "crop": "/jobs/ec92fe13-d6ec-41a9-a795-b458a3e9f753/crops/10_obj043_product.jpg",
          "crop_rel": "crops/10_obj043_product.jpg",
          "pred_label": "UNKNOWN",
          "pred_confidence": 0.9827519173179263
        },
        {
          "label": "product",
          "class_id": 0,
          "confidence": 0.651964008808136,
          "bbox": [
            456,
            1213,
            536,
            1317
          ],
          "crop": "/jobs/ec92fe13-d6ec-41a9-a795-b458a3e9f753/crops/10_obj044_product.jpg",
          "crop_rel": "crops/10_obj044_product.jpg",
          "pred_label": "UNKNOWN",
          "pred_confidence": 0.9869681487160321
        },
        {
          "label": "product",
          "class_id": 0,
          "confidence": 0.6489458680152893,
          "bbox": [
            1004,
            1032,
            1071,
            1146
          ],
          "crop": "/jobs/ec92fe13-d6ec-41a9-a795-b458a3e9f753/crops/10_obj045_product.jpg",
          "crop_rel": "crops/10_obj045_product.jpg",
          "pred_label": "UNKNOWN",
          "pred_confidence": 0.9790561880018627
        },
        {
          "label": "product",
          "class_id": 0,
          "confidence": 0.6481847763061523,
          "bbox": [
            395,
            720,
            454,
            838
          ],
          "crop": "/jobs/ec92fe13-d6ec-41a9-a795-b458a3e9f753/crops/10_obj046_product.jpg",
          "crop_rel": "crops/10_obj046_product.jpg",
          "pred_label": "UNKNOWN",
          "pred_confidence": 0.9868792498435053
        },
        {
          "label": "product",
          "class_id": 0,
          "confidence": 0.6440110802650452,
          "bbox": [
            514,
            722,
            585,
            839
          ],
          "crop": "/jobs/ec92fe13-d6ec-41a9-a795-b458a3e9f753/crops/10_obj047_product.jpg",
          "crop_rel": "crops/10_obj047_product.jpg",
          "pred_label": "UNKNOWN",
          "pred_confidence": 0.9537238433184391
        },
        {
          "label": "product",
          "class_id": 0,
          "confidence": 0.6396161913871765,
          "bbox": [
            598,
            882,
            662,
            977
          ],
          "crop": "/jobs/ec92fe13-d6ec-41a9-a795-b458a3e9f753/crops/10_obj048_product.jpg",
          "crop_rel": "crops/10_obj048_product.jpg",
          "pred_label": "UNKNOWN",
          "pred_confidence": 0.9371138120539316
        },
        {
          "label": "product",
          "class_id": 0,
          "confidence": 0.6384319067001343,
          "bbox": [
            373,
            1223,
            454,
            1321
          ],
          "crop": "/jobs/ec92fe13-d6ec-41a9-a795-b458a3e9f753/crops/10_obj049_product.jpg",
          "crop_rel": "crops/10_obj049_product.jpg",
          "pred_label": "UNKNOWN",
          "pred_confidence": 0.9872456423811042
        },
        {
          "label": "product",
          "class_id": 0,
          "confidence": 0.6384286880493164,
          "bbox": [
            342,
            1046,
            413,
            1145
          ],
          "crop": "/jobs/ec92fe13-d6ec-41a9-a795-b458a3e9f753/crops/10_obj050_product.jpg",
          "crop_rel": "crops/10_obj050_product.jpg",
          "pred_label": "UNKNOWN",
          "pred_confidence": 0.9803060290655898
        },
        {
          "label": "product",
          "class_id": 0,
          "confidence": 0.6381641626358032,
          "bbox": [
            269,
            1042,
            339,
            1143
          ],
          "crop": "/jobs/ec92fe13-d6ec-41a9-a795-b458a3e9f753/crops/10_obj051_product.jpg",
          "crop_rel": "crops/10_obj051_product.jpg",
          "pred_label": "UNKNOWN",
          "pred_confidence": 0.97720174572576
        },
        {
          "label": "product",
          "class_id": 0,
          "confidence": 0.6367536783218384,
          "bbox": [
            166,
            718,
            233,
            834
          ],
          "crop": "/jobs/ec92fe13-d6ec-41a9-a795-b458a3e9f753/crops/10_obj052_product.jpg",
          "crop_rel": "crops/10_obj052_product.jpg",
          "pred_label": "UNKNOWN",
          "pred_confidence": 0.9794930037033488
        },
        {
          "label": "product",
          "class_id": 0,
          "confidence": 0.6366099715232849,
          "bbox": [
            240,
            718,
            318,
            832
          ],
          "crop": "/jobs/ec92fe13-d6ec-41a9-a795-b458a3e9f753/crops/10_obj053_product.jpg",
          "crop_rel": "crops/10_obj053_product.jpg",
          "pred_label": "UNKNOWN",
          "pred_confidence": 0.981566898891095
        },
        {
          "label": "product",
          "class_id": 0,
          "confidence": 0.6348409652709961,
          "bbox": [
            752,
            868,
            829,
            980
          ],
          "crop": "/jobs/ec92fe13-d6ec-41a9-a795-b458a3e9f753/crops/10_obj054_product.jpg",
          "crop_rel": "crops/10_obj054_product.jpg",
          "pred_label": "UNKNOWN",
          "pred_confidence": 0.980648875287812
        },
        {
          "label": "product",
          "class_id": 0,
          "confidence": 0.6320062279701233,
          "bbox": [
            536,
            884,
            594,
            979
          ],
          "crop": "/jobs/ec92fe13-d6ec-41a9-a795-b458a3e9f753/crops/10_obj055_product.jpg",
          "crop_rel": "crops/10_obj055_product.jpg",
          "pred_label": "UNKNOWN",
          "pred_confidence": 0.9690216213404063
        },
        {
          "label": "product",
          "class_id": 0,
          "confidence": 0.6315250396728516,
          "bbox": [
            209,
            1223,
            293,
            1313
          ],
          "crop": "/jobs/ec92fe13-d6ec-41a9-a795-b458a3e9f753/crops/10_obj056_product.jpg",
          "crop_rel": "crops/10_obj056_product.jpg",
          "pred_label": "UNKNOWN",
          "pred_confidence": 0.9726342567749326
        },
        {
          "label": "product",
          "class_id": 0,
          "confidence": 0.6295799612998962,
          "bbox": [
            281,
            888,
            348,
            979
          ],
          "crop": "/jobs/ec92fe13-d6ec-41a9-a795-b458a3e9f753/crops/10_obj057_product.jpg",
          "crop_rel": "crops/10_obj057_product.jpg",
          "pred_label": "UNKNOWN",
          "pred_confidence": 0.9765688645560459
        },
        {
          "label": "product",
          "class_id": 0,
          "confidence": 0.6293817162513733,
          "bbox": [
            460,
            554,
            515,
            680
          ],
          "crop": "/jobs/ec92fe13-d6ec-41a9-a795-b458a3e9f753/crops/10_obj058_product.jpg",
          "crop_rel": "crops/10_obj058_product.jpg",
          "pred_label": "UNKNOWN",
          "pred_confidence": 0.9726227293074259
        },
        {
          "label": "product",
          "class_id": 0,
          "confidence": 0.6273208260536194,
          "bbox": [
            103,
            718,
            164,
            831
          ],
          "crop": "/jobs/ec92fe13-d6ec-41a9-a795-b458a3e9f753/crops/10_obj059_product.jpg",
          "crop_rel": "crops/10_obj059_product.jpg",
          "pred_label": "UNKNOWN",
          "pred_confidence": 0.9819661058069794
        },
        {
          "label": "product",
          "class_id": 0,
          "confidence": 0.6254414319992065,
          "bbox": [
            339,
            553,
            415,
            679
          ],
          "crop": "/jobs/ec92fe13-d6ec-41a9-a795-b458a3e9f753/crops/10_obj060_product.jpg",
          "crop_rel": "crops/10_obj060_product.jpg",
          "pred_label": "UNKNOWN",
          "pred_confidence": 0.9548201536111178
        },
        {
          "label": "product",
          "class_id": 0,
          "confidence": 0.62308669090271,
          "bbox": [
            478,
            889,
            535,
            977
          ],
          "crop": "/jobs/ec92fe13-d6ec-41a9-a795-b458a3e9f753/crops/10_obj061_product.jpg",
          "crop_rel": "crops/10_obj061_product.jpg",
          "pred_label": "UNKNOWN",
          "pred_confidence": 0.9265245501541939
        },
        {
          "label": "product",
          "class_id": 0,
          "confidence": 0.6113079786300659,
          "bbox": [
            83,
            1041,
            161,
            1139
          ],
          "crop": "/jobs/ec92fe13-d6ec-41a9-a795-b458a3e9f753/crops/10_obj062_product.jpg",
          "crop_rel": "crops/10_obj062_product.jpg",
          "pred_label": "UNKNOWN",
          "pred_confidence": 0.9733192258427534
        },
        {
          "label": "product",
          "class_id": 0,
          "confidence": 0.6111875176429749,
          "bbox": [
            455,
            720,
            512,
            837
          ],
          "crop": "/jobs/ec92fe13-d6ec-41a9-a795-b458a3e9f753/crops/10_obj063_product.jpg",
          "crop_rel": "crops/10_obj063_product.jpg",
          "pred_label": "UNKNOWN",
          "pred_confidence": 0.9355561188385149
        },
        {
          "label": "product",
          "class_id": 0,
          "confidence": 0.6108940839767456,
          "bbox": [
            299,
            1222,
            371,
            1317
          ],
          "crop": "/jobs/ec92fe13-d6ec-41a9-a795-b458a3e9f753/crops/10_obj064_product.jpg",
          "crop_rel": "crops/10_obj064_product.jpg",
          "pred_label": "UNKNOWN",
          "pred_confidence": 0.9755121941251479
        },
        {
          "label": "product",
          "class_id": 0,
          "confidence": 0.6008177399635315,
          "bbox": [
            192,
            876,
            278,
            981
          ],
          "crop": "/jobs/ec92fe13-d6ec-41a9-a795-b458a3e9f753/crops/10_obj065_product.jpg",
          "crop_rel": "crops/10_obj065_product.jpg",
          "pred_label": "UNKNOWN",
          "pred_confidence": 0.748446039814655
        },
        {
          "label": "product",
          "class_id": 0,
          "confidence": 0.5949307084083557,
          "bbox": [
            0,
            1240,
            33,
            1321
          ],
          "crop": "/jobs/ec92fe13-d6ec-41a9-a795-b458a3e9f753/crops/10_obj066_product.jpg",
          "crop_rel": "crops/10_obj066_product.jpg",
          "pred_label": "UNKNOWN",
          "pred_confidence": 0.9740717810681467
        },
        {
          "label": "product",
          "class_id": 0,
          "confidence": 0.5848458409309387,
          "bbox": [
            349,
            891,
            426,
            980
          ],
          "crop": "/jobs/ec92fe13-d6ec-41a9-a795-b458a3e9f753/crops/10_obj067_product.jpg",
          "crop_rel": "crops/10_obj067_product.jpg",
          "pred_label": "UNKNOWN",
          "pred_confidence": 0.9772990288123458
        },
        {
          "label": "product",
          "class_id": 0,
          "confidence": 0.5792275667190552,
          "bbox": [
            791,
            1191,
            873,
            1299
          ],
          "crop": "/jobs/ec92fe13-d6ec-41a9-a795-b458a3e9f753/crops/10_obj068_product.jpg",
          "crop_rel": "crops/10_obj068_product.jpg",
          "pred_label": "UNKNOWN",
          "pred_confidence": 0.9741616437257542
        },
        {
          "label": "product",
          "class_id": 0,
          "confidence": 0.5788663029670715,
          "bbox": [
            1087,
            351,
            1179,
            490
          ],
          "crop": "/jobs/ec92fe13-d6ec-41a9-a795-b458a3e9f753/crops/10_obj069_product.jpg",
          "crop_rel": "crops/10_obj069_product.jpg",
          "pred_label": "UNKNOWN",
          "pred_confidence": 0.9933946119982419
        },
        {
          "label": "product",
          "class_id": 0,
          "confidence": 0.5778096318244934,
          "bbox": [
            257,
            542,
            332,
            677
          ],
          "crop": "/jobs/ec92fe13-d6ec-41a9-a795-b458a3e9f753/crops/10_obj070_product.jpg",
          "crop_rel": "crops/10_obj070_product.jpg",
          "pred_label": "UNKNOWN",
          "pred_confidence": 0.9702139925548303
        },
        {
          "label": "product",
          "class_id": 0,
          "confidence": 0.5621897578239441,
          "bbox": [
            163,
            1040,
            221,
            1146
          ],
          "crop": "/jobs/ec92fe13-d6ec-41a9-a795-b458a3e9f753/crops/10_obj071_product.jpg",
          "crop_rel": "crops/10_obj071_product.jpg",
          "pred_label": "UNKNOWN",
          "pred_confidence": 0.9383334476594497
        },
        {
          "label": "product",
          "class_id": 0,
          "confidence": 0.5553590059280396,
          "bbox": [
            24,
            539,
            101,
            674
          ],
          "crop": "/jobs/ec92fe13-d6ec-41a9-a795-b458a3e9f753/crops/10_obj072_product.jpg",
          "crop_rel": "crops/10_obj072_product.jpg",
          "pred_label": "UNKNOWN",
          "pred_confidence": 0.9701792423288355
        },
        {
          "label": "product",
          "class_id": 0,
          "confidence": 0.5467780828475952,
          "bbox": [
            221,
            1046,
            269,
            1143
          ],
          "crop": "/jobs/ec92fe13-d6ec-41a9-a795-b458a3e9f753/crops/10_obj073_product.jpg",
          "crop_rel": "crops/10_obj073_product.jpg",
          "pred_label": "UNKNOWN",
          "pred_confidence": 0.9579220571749979
        },
        {
          "label": "product",
          "class_id": 0,
          "confidence": 0.5419008731842041,
          "bbox": [
            167,
            551,
            251,
            674
          ],
          "crop": "/jobs/ec92fe13-d6ec-41a9-a795-b458a3e9f753/crops/10_obj074_product.jpg",
          "crop_rel": "crops/10_obj074_product.jpg",
          "pred_label": "UNKNOWN",
          "pred_confidence": 0.9824482716987455
        },
        {
          "label": "product",
          "class_id": 0,
          "confidence": 0.5373531579971313,
          "bbox": [
            31,
            720,
            100,
            828
          ],
          "crop": "/jobs/ec92fe13-d6ec-41a9-a795-b458a3e9f753/crops/10_obj075_product.jpg",
          "crop_rel": "crops/10_obj075_product.jpg",
          "pred_label": "UNKNOWN",
          "pred_confidence": 0.9325424120784935
        },
        {
          "label": "product",
          "class_id": 0,
          "confidence": 0.50651615858078,
          "bbox": [
            416,
            1044,
            493,
            1144
          ],
          "crop": "/jobs/ec92fe13-d6ec-41a9-a795-b458a3e9f753/crops/10_obj076_product.jpg",
          "crop_rel": "crops/10_obj076_product.jpg",
          "pred_label": "UNKNOWN",
          "pred_confidence": 0.956661446234991
        },
        {
          "label": "product",
          "class_id": 0,
          "confidence": 0.48529699444770813,
          "bbox": [
            104,
            541,
            164,
            672
          ],
          "crop": "/jobs/ec92fe13-d6ec-41a9-a795-b458a3e9f753/crops/10_obj077_product.jpg",
          "crop_rel": "crops/10_obj077_product.jpg",
          "pred_label": "UNKNOWN",
          "pred_confidence": 0.9409424398479767
        },
        {
          "label": "product",
          "class_id": 0,
          "confidence": 0.46525973081588745,
          "bbox": [
            0,
            1055,
            61,
            1148
          ],
          "crop": "/jobs/ec92fe13-d6ec-41a9-a795-b458a3e9f753/crops/10_obj078_product.jpg",
          "crop_rel": "crops/10_obj078_product.jpg",
          "pred_label": "UNKNOWN",
          "pred_confidence": 0.9683406996144422
        },
        {
          "label": "product",
          "class_id": 0,
          "confidence": 0.4616410434246063,
          "bbox": [
            1042,
            1190,
            1106,
            1307
          ],
          "crop": "/jobs/ec92fe13-d6ec-41a9-a795-b458a3e9f753/crops/10_obj079_product.jpg",
          "crop_rel": "crops/10_obj079_product.jpg",
          "pred_label": "UNKNOWN",
          "pred_confidence": 0.9785735058074722
        },
        {
          "label": "product",
          "class_id": 0,
          "confidence": 0.45964300632476807,
          "bbox": [
            523,
            1043,
            600,
            1146
          ],
          "crop": "/jobs/ec92fe13-d6ec-41a9-a795-b458a3e9f753/crops/10_obj080_product.jpg",
          "crop_rel": "crops/10_obj080_product.jpg",
          "pred_label": "UNKNOWN",
          "pred_confidence": 0.9793667665917535
        },
        {
          "label": "product",
          "class_id": 0,
          "confidence": 0.4546535611152649,
          "bbox": [
            417,
            562,
            461,
            681
          ],
          "crop": "/jobs/ec92fe13-d6ec-41a9-a795-b458a3e9f753/crops/10_obj081_product.jpg",
          "crop_rel": "crops/10_obj081_product.jpg",
          "pred_label": "UNKNOWN",
          "pred_confidence": 0.8738115515645393
        },
        {
          "label": "product",
          "class_id": 0,
          "confidence": 0.43823927640914917,
          "bbox": [
            602,
            1034,
            669,
            1145
          ],
          "crop": "/jobs/ec92fe13-d6ec-41a9-a795-b458a3e9f753/crops/10_obj082_product.jpg",
          "crop_rel": "crops/10_obj082_product.jpg",
          "pred_label": "UNKNOWN",
          "pred_confidence": 0.9879870001464446
        },
        {
          "label": "product",
          "class_id": 0,
          "confidence": 0.4241611957550049,
          "bbox": [
            1179,
            1181,
            1199,
            1294
          ],
          "crop": "/jobs/ec92fe13-d6ec-41a9-a795-b458a3e9f753/crops/10_obj083_product.jpg",
          "crop_rel": "crops/10_obj083_product.jpg",
          "pred_label": "UNKNOWN",
          "pred_confidence": 0.9877469157993013
        },
        {
          "label": "product",
          "class_id": 0,
          "confidence": 0.40641728043556213,
          "bbox": [
            493,
            1050,
            525,
            1140
          ],
          "crop": "/jobs/ec92fe13-d6ec-41a9-a795-b458a3e9f753/crops/10_obj084_product.jpg",
          "crop_rel": "crops/10_obj084_product.jpg",
          "pred_label": "UNKNOWN",
          "pred_confidence": 0.9629589314590411
        },
        {
          "label": "product",
          "class_id": 0,
          "confidence": 0.39422619342803955,
          "bbox": [
            0,
            791,
            31,
            889
          ],
          "crop": "/jobs/ec92fe13-d6ec-41a9-a795-b458a3e9f753/crops/10_obj085_product.jpg",
          "crop_rel": "crops/10_obj085_product.jpg",
          "pred_label": "UNKNOWN",
          "pred_confidence": 0.9398231704088181
        },
        {
          "label": "product",
          "class_id": 0,
          "confidence": 0.34476926922798157,
          "bbox": [
            683,
            352,
            777,
            488
          ],
          "crop": "/jobs/ec92fe13-d6ec-41a9-a795-b458a3e9f753/crops/10_obj086_product.jpg",
          "crop_rel": "crops/10_obj086_product.jpg",
          "pred_label": "UNKNOWN",
          "pred_confidence": 0.9921123803059679
        },
        {
          "label": "product",
          "class_id": 0,
          "confidence": 0.3415640592575073,
          "bbox": [
            94,
            874,
            159,
            979
          ],
          "crop": "/jobs/ec92fe13-d6ec-41a9-a795-b458a3e9f753/crops/10_obj087_product.jpg",
          "crop_rel": "crops/10_obj087_product.jpg",
          "pred_label": "UNKNOWN",
          "pred_confidence": 0.968106469781636
        },
        {
          "label": "product",
          "class_id": 0,
          "confidence": 0.33516502380371094,
          "bbox": [
            0,
            945,
            28,
            1027
          ],
          "crop": "/jobs/ec92fe13-d6ec-41a9-a795-b458a3e9f753/crops/10_obj088_product.jpg",
          "crop_rel": "crops/10_obj088_product.jpg",
          "pred_label": "UNKNOWN",
          "pred_confidence": 0.852362266044212
        },
        {
          "label": "product",
          "class_id": 0,
          "confidence": 0.3007814586162567,
          "bbox": [
            161,
            875,
            203,
            980
          ],
          "crop": "/jobs/ec92fe13-d6ec-41a9-a795-b458a3e9f753/crops/10_obj089_product.jpg",
          "crop_rel": "crops/10_obj089_product.jpg",
          "pred_label": "UNKNOWN",
          "pred_confidence": 0.9104758882447845
        },
        {
          "label": "product",
          "class_id": 0,
          "confidence": 0.25512614846229553,
          "bbox": [
            1181,
            341,
            1199,
            487
          ],
          "crop": "/jobs/ec92fe13-d6ec-41a9-a795-b458a3e9f753/crops/10_obj090_product.jpg",
          "crop_rel": "crops/10_obj090_product.jpg",
          "pred_label": "UNKNOWN",
          "pred_confidence": 0.9409806602263149
        }
      ]
    },
    {
      "image": "/jobs/ec92fe13-d6ec-41a9-a795-b458a3e9f753/input/11.png",
      "image_rel": "input/11.png",
      "objects": [
        {
          "label": "product",
          "class_id": 0,
          "confidence": 0.7889286875724792,
          "bbox": [
            205,
            917,
            352,
            1091
          ],
          "crop": "/jobs/ec92fe13-d6ec-41a9-a795-b458a3e9f753/crops/11_obj001_product.jpg",
          "crop_rel": "crops/11_obj001_product.jpg",
          "pred_label": "UNKNOWN",
          "pred_confidence": 0.9815066980681405
        },
        {
          "label": "product",
          "class_id": 0,
          "confidence": 0.7796996831893921,
          "bbox": [
            818,
            1367,
            933,
            1527
          ],
          "crop": "/jobs/ec92fe13-d6ec-41a9-a795-b458a3e9f753/crops/11_obj002_product.jpg",
          "crop_rel": "crops/11_obj002_product.jpg",
          "pred_label": "UNKNOWN",
          "pred_confidence": 0.9790629493444589
        },
        {
          "label": "product",
          "class_id": 0,
          "confidence": 0.7688194513320923,
          "bbox": [
            651,
            685,
            789,
            861
          ],
          "crop": "/jobs/ec92fe13-d6ec-41a9-a795-b458a3e9f753/crops/11_obj003_product.jpg",
          "crop_rel": "crops/11_obj003_product.jpg",
          "pred_label": "UNKNOWN",
          "pred_confidence": 0.9960691564396309
        },
        {
          "label": "product",
          "class_id": 0,
          "confidence": 0.7677016258239746,
          "bbox": [
            250,
            693,
            389,
            863
          ],
          "crop": "/jobs/ec92fe13-d6ec-41a9-a795-b458a3e9f753/crops/11_obj004_product.jpg",
          "crop_rel": "crops/11_obj004_product.jpg",
          "pred_label": "UNKNOWN",
          "pred_confidence": 0.9958223652125068
        },
        {
          "label": "product",
          "class_id": 0,
          "confidence": 0.7638471722602844,
          "bbox": [
            354,
            918,
            475,
            1083
          ],
          "crop": "/jobs/ec92fe13-d6ec-41a9-a795-b458a3e9f753/crops/11_obj005_product.jpg",
          "crop_rel": "crops/11_obj005_product.jpg",
          "pred_label": "UNKNOWN",
          "pred_confidence": 0.981216861040116
        },
        {
          "label": "product",
          "class_id": 0,
          "confidence": 0.7635932564735413,
          "bbox": [
            391,
            691,
            523,
            863
          ],
          "crop": "/jobs/ec92fe13-d6ec-41a9-a795-b458a3e9f753/crops/11_obj006_product.jpg",
          "crop_rel": "crops/11_obj006_product.jpg",
          "pred_label": "UNKNOWN",
          "pred_confidence": 0.9921933001186695
        },
        {
          "label": "product",
          "class_id": 0,
          "confidence": 0.7631940841674805,
          "bbox": [
            936,
            1369,
            1048,
            1537
          ],
          "crop": "/jobs/ec92fe13-d6ec-41a9-a795-b458a3e9f753/crops/11_obj007_product.jpg",
          "crop_rel": "crops/11_obj007_product.jpg",
          "pred_label": "UNKNOWN",
          "pred_confidence": 0.9774916309978163
        },
        {
          "label": "product",
          "class_id": 0,
          "confidence": 0.7527382969856262,
          "bbox": [
            0,
            395,
            77,
            641
          ],
          "crop": "/jobs/ec92fe13-d6ec-41a9-a795-b458a3e9f753/crops/11_obj008_product.jpg",
          "crop_rel": "crops/11_obj008_product.jpg",
          "pred_label": "UNKNOWN",
          "pred_confidence": 0.9939841346651976
        },
        {
          "label": "product",
          "class_id": 0,
          "confidence": 0.7509083151817322,
          "bbox": [
            1148,
            352,
            1199,
            611
          ],
          "crop": "/jobs/ec92fe13-d6ec-41a9-a795-b458a3e9f753/crops/11_obj009_product.jpg",
          "crop_rel": "crops/11_obj009_product.jpg",
          "pred_label": "UNKNOWN",
          "pred_confidence": 0.9827869488368971
        },
        {
          "label": "product",
          "class_id": 0,
          "confidence": 0.7505994439125061,
          "bbox": [
            525,
            687,
            648,
            862
          ],
          "crop": "/jobs/ec92fe13-d6ec-41a9-a795-b458a3e9f753/crops/11_obj010_product.jpg",
          "crop_rel": "crops/11_obj010_product.jpg",
          "pred_label": "UNKNOWN",
          "pred_confidence": 0.9956212752667324
        },
        {
          "label": "product",
          "class_id": 0,
          "confidence": 0.7500641942024231,
          "bbox": [
            804,
            382,
            953,
            621
          ],
          "crop": "/jobs/ec92fe13-d6ec-41a9-a795-b458a3e9f753/crops/11_obj011_product.jpg",
          "crop_rel": "crops/11_obj011_product.jpg",
          "pred_label": "UNKNOWN",
          "pred_confidence": 0.9944063835573326
        },
        {
          "label": "product",
          "class_id": 0,
          "confidence": 0.7500140070915222,
          "bbox": [
            735,
            1121,
            855,
            1303
          ],
          "crop": "/jobs/ec92fe13-d6ec-41a9-a795-b458a3e9f753/crops/11_obj012_product.jpg",
          "crop_rel": "crops/11_obj012_product.jpg",
          "pred_label": "UNKNOWN",
          "pred_confidence": 0.9839454401780287
        },
        {
          "label": "product",
          "class_id": 0,
          "confidence": 0.7486242055892944,
          "bbox": [
            80,
            390,
            225,
            642
          ],
          "crop": "/jobs/ec92fe13-d6ec-41a9-a795-b458a3e9f753/crops/11_obj013_product.jpg",
          "crop_rel": "crops/11_obj013_product.jpg",
          "pred_label": "UNKNOWN",
          "pred_confidence": 0.9916604589785474
        },
        {
          "label": "product",
          "class_id": 0,
          "confidence": 0.747610867023468,
          "bbox": [
            609,
            917,
            742,
            1067
          ],
          "crop": "/jobs/ec92fe13-d6ec-41a9-a795-b458a3e9f753/crops/11_obj014_product.jpg",
          "crop_rel": "crops/11_obj014_product.jpg",
          "pred_label": "UNKNOWN",
          "pred_confidence": 0.9855010824002943
        },
        {
          "label": "product",
          "class_id": 0,
          "confidence": 0.7468984723091125,
          "bbox": [
            500,
            1121,
            626,
            1301
          ],
          "crop": "/jobs/ec92fe13-d6ec-41a9-a795-b458a3e9f753/crops/11_obj015_product.jpg",
          "crop_rel": "crops/11_obj015_product.jpg",
          "pred_label": "UNKNOWN",
          "pred_confidence": 0.9836574008293683
        },
        {
          "label": "product",
          "class_id": 0,
          "confidence": 0.7462597489356995,
          "bbox": [
            107,
            698,
            246,
            865
          ],
          "crop": "/jobs/ec92fe13-d6ec-41a9-a795-b458a3e9f753/crops/11_obj016_product.jpg",
          "crop_rel": "crops/11_obj016_product.jpg",
          "pred_label": "UNKNOWN",
          "pred_confidence": 0.9916026341699212
        },
        {
          "label": "product",
          "class_id": 0,
          "confidence": 0.7459371089935303,
          "bbox": [
            665,
            378,
            803,
            626
          ],
          "crop": "/jobs/ec92fe13-d6ec-41a9-a795-b458a3e9f753/crops/11_obj017_product.jpg",
          "crop_rel": "crops/11_obj017_product.jpg",
          "pred_label": "UNKNOWN",
          "pred_confidence": 0.9953316159907757
        },
        {
          "label": "product",
          "class_id": 0,
          "confidence": 0.7434595227241516,
          "bbox": [
            628,
            1371,
            742,
            1521
          ],
          "crop": "/jobs/ec92fe13-d6ec-41a9-a795-b458a3e9f753/crops/11_obj018_product.jpg",
          "crop_rel": "crops/11_obj018_product.jpg",
          "pred_label": "UNKNOWN",
          "pred_confidence": 0.9845888404823103
        },
        {
          "label": "product",
          "class_id": 0,
          "confidence": 0.742511510848999,
          "bbox": [
            1041,
            361,
            1145,
            616
          ],
          "crop": "/jobs/ec92fe13-d6ec-41a9-a795-b458a3e9f753/crops/11_obj019_product.jpg",
          "crop_rel": "crops/11_obj019_product.jpg",
          "pred_label": "UNKNOWN",
          "pred_confidence": 0.9954769452025697
        },
        {
          "label": "product",
          "class_id": 0,
          "confidence": 0.7415004372596741,
          "bbox": [
            529,
            386,
            662,
            631
          ],
          "crop": "/jobs/ec92fe13-d6ec-41a9-a795-b458a3e9f753/crops/11_obj020_product.jpg",
          "crop_rel": "crops/11_obj020_product.jpg",
          "pred_label": "UNKNOWN",
          "pred_confidence": 0.9945530185670269
        },
        {
          "label": "product",
          "class_id": 0,
          "confidence": 0.7410329580307007,
          "bbox": [
            642,
            137,
            806,
            302
          ],
          "crop": "/jobs/ec92fe13-d6ec-41a9-a795-b458a3e9f753/crops/11_obj021_product.jpg",
          "crop_rel": "crops/11_obj021_product.jpg",
          "pred_label": "UNKNOWN",
          "pred_confidence": 0.9927860528766357
        },
        {
          "label": "product",
          "class_id": 0,
          "confidence": 0.7384938597679138,
          "bbox": [
            376,
            1145,
            496,
            1310
          ],
          "crop": "/jobs/ec92fe13-d6ec-41a9-a795-b458a3e9f753/crops/11_obj022_product.jpg",
          "crop_rel": "crops/11_obj022_product.jpg",
          "pred_label": "UNKNOWN",
          "pred_confidence": 0.9826698896763318
        },
        {
          "label": "product",
          "class_id": 0,
          "confidence": 0.7366041541099548,
          "bbox": [
            743,
            1368,
            816,
            1521
          ],
          "crop": "/jobs/ec92fe13-d6ec-41a9-a795-b458a3e9f753/crops/11_obj023_product.jpg",
          "crop_rel": "crops/11_obj023_product.jpg",
          "pred_label": "UNKNOWN",
          "pred_confidence": 0.9872249230912943
        },
        {
          "label": "product",
          "class_id": 0,
          "confidence": 0.7361572980880737,
          "bbox": [
            0,
            116,
            105,
            316
          ],
          "crop": "/jobs/ec92fe13-d6ec-41a9-a795-b458a3e9f753/crops/11_obj024_product.jpg",
          "crop_rel": "crops/11_obj024_product.jpg",
          "pred_label": "UNKNOWN",
          "pred_confidence": 0.9812461526422264
        },
        {
          "label": "product",
          "class_id": 0,
          "confidence": 0.7342061996459961,
          "bbox": [
            480,
            918,
            606,
            1081
          ],
          "crop": "/jobs/ec92fe13-d6ec-41a9-a795-b458a3e9f753/crops/11_obj025_product.jpg",
          "crop_rel": "crops/11_obj025_product.jpg",
          "pred_label": "UNKNOWN",
          "pred_confidence": 0.9907542464022177
        },
        {
          "label": "product",
          "class_id": 0,
          "confidence": 0.731907844543457,
          "bbox": [
            628,
            1123,
            733,
            1303
          ],
          "crop": "/jobs/ec92fe13-d6ec-41a9-a795-b458a3e9f753/crops/11_obj026_product.jpg",
          "crop_rel": "crops/11_obj026_product.jpg",
          "pred_label": "UNKNOWN",
          "pred_confidence": 0.992036305471014
        },
        {
          "label": "product",
          "class_id": 0,
          "confidence": 0.7303828597068787,
          "bbox": [
            431,
            1375,
            544,
            1524
          ],
          "crop": "/jobs/ec92fe13-d6ec-41a9-a795-b458a3e9f753/crops/11_obj027_product.jpg",
          "crop_rel": "crops/11_obj027_product.jpg",
          "pred_label": "UNKNOWN",
          "pred_confidence": 0.9733509505164802
        },
        {
          "label": "product",
          "class_id": 0,
          "confidence": 0.7261782288551331,
          "bbox": [
            48,
            916,
            192,
            1087
          ],
          "crop": "/jobs/ec92fe13-d6ec-41a9-a795-b458a3e9f753/crops/11_obj028_product.jpg",
          "crop_rel": "crops/11_obj028_product.jpg",
          "pred_label": "UNKNOWN",
          "pred_confidence": 0.9813973327230042
        },
        {
          "label": "product",
          "class_id": 0,
          "confidence": 0.7211002111434937,
          "bbox": [
            228,
            400,
            374,
            641
          ],
          "crop": "/jobs/ec92fe13-d6ec-41a9-a795-b458a3e9f753/crops/11_obj029_product.jpg",
          "crop_rel": "crops/11_obj029_product.jpg",
          "pred_label": "UNKNOWN",
          "pred_confidence": 0.9943326814677632
        },
        {
          "label": "product",
          "class_id": 0,
          "confidence": 0.7183067798614502,
          "bbox": [
            955,
            366,
            1039,
            616
          ],
          "crop": "/jobs/ec92fe13-d6ec-41a9-a795-b458a3e9f753/crops/11_obj030_product.jpg",
          "crop_rel": "crops/11_obj030_product.jpg",
          "pred_label": "UNKNOWN",
          "pred_confidence": 0.9905931625541974
        },
        {
          "label": "product",
          "class_id": 0,
          "confidence": 0.7171145081520081,
          "bbox": [
            278,
            121,
            440,
            310
          ],
          "crop": "/jobs/ec92fe13-d6ec-41a9-a795-b458a3e9f753/crops/11_obj031_product.jpg",
          "crop_rel": "crops/11_obj031_product.jpg",
          "pred_label": "UNKNOWN",
          "pred_confidence": 0.9951195716532786
        },
        {
          "label": "product",
          "class_id": 0,
          "confidence": 0.712631106376648,
          "bbox": [
            752,
            916,
            884,
            1069
          ],
          "crop": "/jobs/ec92fe13-d6ec-41a9-a795-b458a3e9f753/crops/11_obj032_product.jpg",
          "crop_rel": "crops/11_obj032_product.jpg",
          "pred_label": "UNKNOWN",
          "pred_confidence": 0.9857567794410662
        },
        {
          "label": "product",
          "class_id": 0,
          "confidence": 0.7119960784912109,
          "bbox": [
            377,
            381,
            528,
            635
          ],
          "crop": "/jobs/ec92fe13-d6ec-41a9-a795-b458a3e9f753/crops/11_obj033_product.jpg",
          "crop_rel": "crops/11_obj033_product.jpg",
          "pred_label": "UNKNOWN",
          "pred_confidence": 0.994435568889163
        },
        {
          "label": "product",
          "class_id": 0,
          "confidence": 0.7076401710510254,
          "bbox": [
            1030,
            907,
            1152,
            1065
          ],
          "crop": "/jobs/ec92fe13-d6ec-41a9-a795-b458a3e9f753/crops/11_obj034_product.jpg",
          "crop_rel": "crops/11_obj034_product.jpg",
          "pred_label": "UNKNOWN",
          "pred_confidence": 0.9856244183252828
        },
        {
          "label": "product",
          "class_id": 0,
          "confidence": 0.700122058391571,
          "bbox": [
            890,
            677,
            1013,
            856
          ],
          "crop": "/jobs/ec92fe13-d6ec-41a9-a795-b458a3e9f753/crops/11_obj035_product.jpg",
          "crop_rel": "crops/11_obj035_product.jpg",
          "pred_label": "UNKNOWN",
          "pred_confidence": 0.9960902823696383
        },
        {
          "label": "product",
          "class_id": 0,
          "confidence": 0.6979273557662964,
          "bbox": [
            341,
            1377,
            430,
            1526
          ],
          "crop": "/jobs/ec92fe13-d6ec-41a9-a795-b458a3e9f753/crops/11_obj036_product.jpg",
          "crop_rel": "crops/11_obj036_product.jpg",
          "pred_label": "UNKNOWN",
          "pred_confidence": 0.9890660087380259
        },
        {
          "label": "product",
          "class_id": 0,
          "confidence": 0.6958115696907043,
          "bbox": [
            891,
            911,
            1028,
            1068
          ],
          "crop": "/jobs/ec92fe13-d6ec-41a9-a795-b458a3e9f753/crops/11_obj037_product.jpg",
          "crop_rel": "crops/11_obj037_product.jpg",
          "pred_label": "UNKNOWN",
          "pred_confidence": 0.9674433311043897
        },
        {
          "label": "product",
          "class_id": 0,
          "confidence": 0.6955241560935974,
          "bbox": [
            1058,
            1123,
            1158,
            1298
          ],
          "crop": "/jobs/ec92fe13-d6ec-41a9-a795-b458a3e9f753/crops/11_obj038_product.jpg",
          "crop_rel": "crops/11_obj038_product.jpg",
          "pred_label": "UNKNOWN",
          "pred_confidence": 0.9785051105681241
        },
        {
          "label": "product",
          "class_id": 0,
          "confidence": 0.6940297484397888,
          "bbox": [
            162,
            1378,
            263,
            1538
          ],
          "crop": "/jobs/ec92fe13-d6ec-41a9-a795-b458a3e9f753/crops/11_obj039_product.jpg",
          "crop_rel": "crops/11_obj039_product.jpg",
          "pred_label": "UNKNOWN",
          "pred_confidence": 0.9824707468065187
        },
        {
          "label": "product",
          "class_id": 0,
          "confidence": 0.6859778761863708,
          "bbox": [
            858,
            1131,
            960,
            1301
          ],
          "crop": "/jobs/ec92fe13-d6ec-41a9-a795-b458a3e9f753/crops/11_obj040_product.jpg",
          "crop_rel": "crops/11_obj040_product.jpg",
          "pred_label": "UNKNOWN",
          "pred_confidence": 0.9883849417940507
        },
        {
          "label": "product",
          "class_id": 0,
          "confidence": 0.6827536821365356,
          "bbox": [
            1020,
            672,
            1153,
            845
          ],
          "crop": "/jobs/ec92fe13-d6ec-41a9-a795-b458a3e9f753/crops/11_obj041_product.jpg",
          "crop_rel": "crops/11_obj041_product.jpg",
          "pred_label": "UNKNOWN",
          "pred_confidence": 0.9969170948881524
        },
        {
          "label": "product",
          "class_id": 0,
          "confidence": 0.6817482709884644,
          "bbox": [
            790,
            682,
            889,
            859
          ],
          "crop": "/jobs/ec92fe13-d6ec-41a9-a795-b458a3e9f753/crops/11_obj042_product.jpg",
          "crop_rel": "crops/11_obj042_product.jpg",
          "pred_label": "UNKNOWN",
          "pred_confidence": 0.9970012326187256
        },
        {
          "label": "product",
          "class_id": 0,
          "confidence": 0.6743327379226685,
          "bbox": [
            482,
            140,
            638,
            303
          ],
          "crop": "/jobs/ec92fe13-d6ec-41a9-a795-b458a3e9f753/crops/11_obj043_product.jpg",
          "crop_rel": "crops/11_obj043_product.jpg",
          "pred_label": "UNKNOWN",
          "pred_confidence": 0.9919129917492716
        },
        {
          "label": "product",
          "class_id": 0,
          "confidence": 0.6712685823440552,
          "bbox": [
            116,
            151,
            273,
            311
          ],
          "crop": "/jobs/ec92fe13-d6ec-41a9-a795-b458a3e9f753/crops/11_obj044_product.jpg",
          "crop_rel": "crops/11_obj044_product.jpg",
          "pred_label": "UNKNOWN",
          "pred_confidence": 0.9909000646513303
        },
        {
          "label": "product",
          "class_id": 0,
          "confidence": 0.6667777299880981,
          "bbox": [
            962,
            1133,
            1057,
            1298
          ],
          "crop": "/jobs/ec92fe13-d6ec-41a9-a795-b458a3e9f753/crops/11_obj045_product.jpg",
          "crop_rel": "crops/11_obj045_product.jpg",
          "pred_label": "UNKNOWN",
          "pred_confidence": 0.9889622575277928
        },
        {
          "label": "product",
          "class_id": 0,
          "confidence": 0.6664221286773682,
          "bbox": [
            0,
            698,
            105,
            869
          ],
          "crop": "/jobs/ec92fe13-d6ec-41a9-a795-b458a3e9f753/crops/11_obj046_product.jpg",
          "crop_rel": "crops/11_obj046_product.jpg",
          "pred_label": "UNKNOWN",
          "pred_confidence": 0.992457209049199
        },
        {
          "label": "product",
          "class_id": 0,
          "confidence": 0.6607862114906311,
          "bbox": [
            1052,
            1375,
            1158,
            1537
          ],
          "crop": "/jobs/ec92fe13-d6ec-41a9-a795-b458a3e9f753/crops/11_obj047_product.jpg",
          "crop_rel": "crops/11_obj047_product.jpg",
          "pred_label": "UNKNOWN",
          "pred_confidence": 0.9782080841883052
        },
        {
          "label": "product",
          "class_id": 0,
          "confidence": 0.6538881063461304,
          "bbox": [
            546,
            1373,
            625,
            1522
          ],
          "crop": "/jobs/ec92fe13-d6ec-41a9-a795-b458a3e9f753/crops/11_obj048_product.jpg",
          "crop_rel": "crops/11_obj048_product.jpg",
          "pred_label": "UNKNOWN",
          "pred_confidence": 0.9832006731766552
        },
        {
          "label": "product",
          "class_id": 0,
          "confidence": 0.6506625413894653,
          "bbox": [
            42,
            1385,
            159,
            1545
          ],
          "crop": "/jobs/ec92fe13-d6ec-41a9-a795-b458a3e9f753/crops/11_obj049_product.jpg",
          "crop_rel": "crops/11_obj049_product.jpg",
          "pred_label": "UNKNOWN",
          "pred_confidence": 0.9855274001111746
        },
        {
          "label": "product",
          "class_id": 0,
          "confidence": 0.6492939591407776,
          "bbox": [
            275,
            1148,
            374,
            1309
          ],
          "crop": "/jobs/ec92fe13-d6ec-41a9-a795-b458a3e9f753/crops/11_obj050_product.jpg",
          "crop_rel": "crops/11_obj050_product.jpg",
          "pred_label": "UNKNOWN",
          "pred_confidence": 0.9807079169206631
        },
        {
          "label": "product",
          "class_id": 0,
          "confidence": 0.6446229219436646,
          "bbox": [
            1157,
            671,
            1199,
            851
          ],
          "crop": "/jobs/ec92fe13-d6ec-41a9-a795-b458a3e9f753/crops/11_obj051_product.jpg",
          "crop_rel": "crops/11_obj051_product.jpg",
          "pred_label": "UNKNOWN",
          "pred_confidence": 0.879053832755938
        },
        {
          "label": "product",
          "class_id": 0,
          "confidence": 0.6431921124458313,
          "bbox": [
            266,
            1378,
            339,
            1540
          ],
          "crop": "/jobs/ec92fe13-d6ec-41a9-a795-b458a3e9f753/crops/11_obj052_product.jpg",
          "crop_rel": "crops/11_obj052_product.jpg",
          "pred_label": "UNKNOWN",
          "pred_confidence": 0.985430384604608
        },
        {
          "label": "product",
          "class_id": 0,
          "confidence": 0.6425074338912964,
          "bbox": [
            814,
            112,
            991,
            299
          ],
          "crop": "/jobs/ec92fe13-d6ec-41a9-a795-b458a3e9f753/crops/11_obj053_product.jpg",
          "crop_rel": "crops/11_obj053_product.jpg",
          "pred_label": "UNKNOWN",
          "pred_confidence": 0.9882501702177907
        },
        {
          "label": "product",
          "class_id": 0,
          "confidence": 0.6181803345680237,
          "bbox": [
            1015,
            156,
            1152,
            289
          ],
          "crop": "/jobs/ec92fe13-d6ec-41a9-a795-b458a3e9f753/crops/11_obj054_product.jpg",
          "crop_rel": "crops/11_obj054_product.jpg",
          "pred_label": "UNKNOWN",
          "pred_confidence": 0.9837300271230934
        },
        {
          "label": "product",
          "class_id": 0,
          "confidence": 0.6013702750205994,
          "bbox": [
            1155,
            907,
            1199,
            1067
          ],
          "crop": "/jobs/ec92fe13-d6ec-41a9-a795-b458a3e9f753/crops/11_obj055_product.jpg",
          "crop_rel": "crops/11_obj055_product.jpg",
          "pred_label": "UNKNOWN",
          "pred_confidence": 0.9684620147405716
        },
        {
          "label": "product",
          "class_id": 0,
          "confidence": 0.5882936716079712,
          "bbox": [
            1160,
            1375,
            1199,
            1535
          ],
          "crop": "/jobs/ec92fe13-d6ec-41a9-a795-b458a3e9f753/crops/11_obj056_product.jpg",
          "crop_rel": "crops/11_obj056_product.jpg",
          "pred_label": "UNKNOWN",
          "pred_confidence": 0.9383871197587836
        },
        {
          "label": "product",
          "class_id": 0,
          "confidence": 0.5846456289291382,
          "bbox": [
            155,
            1159,
            271,
            1316
          ],
          "crop": "/jobs/ec92fe13-d6ec-41a9-a795-b458a3e9f753/crops/11_obj057_product.jpg",
          "crop_rel": "crops/11_obj057_product.jpg",
          "pred_label": "UNKNOWN",
          "pred_confidence": 0.9735032208811634
        },
        {
          "label": "product",
          "class_id": 0,
          "confidence": 0.5655988454818726,
          "bbox": [
            1162,
            1118,
            1199,
            1295
          ],
          "crop": "/jobs/ec92fe13-d6ec-41a9-a795-b458a3e9f753/crops/11_obj058_product.jpg",
          "crop_rel": "crops/11_obj058_product.jpg",
          "pred_label": "UNKNOWN",
          "pred_confidence": 0.9446433742274273
        },
        {
          "label": "product",
          "class_id": 0,
          "confidence": 0.5573658347129822,
          "bbox": [
            43,
            1157,
            155,
            1323
          ],
          "crop": "/jobs/ec92fe13-d6ec-41a9-a795-b458a3e9f753/crops/11_obj059_product.jpg",
          "crop_rel": "crops/11_obj059_product.jpg",
          "pred_label": "UNKNOWN",
          "pred_confidence": 0.9887538290683844
        },
        {
          "label": "product",
          "class_id": 0,
          "confidence": 0.5291683077812195,
          "bbox": [
            0,
            1161,
            40,
            1326
          ],
          "crop": "/jobs/ec92fe13-d6ec-41a9-a795-b458a3e9f753/crops/11_obj060_product.jpg",
          "crop_rel": "crops/11_obj060_product.jpg",
          "pred_label": "UNKNOWN",
          "pred_confidence": 0.9614562356131832
        },
        {
          "label": "product",
          "class_id": 0,
          "confidence": 0.4840957820415497,
          "bbox": [
            1157,
            135,
            1199,
            288
          ],
          "crop": "/jobs/ec92fe13-d6ec-41a9-a795-b458a3e9f753/crops/11_obj061_product.jpg",
          "crop_rel": "crops/11_obj061_product.jpg",
          "pred_label": "UNKNOWN",
          "pred_confidence": 0.9386670447229132
        },
        {
          "label": "product",
          "class_id": 0,
          "confidence": 0.45427870750427246,
          "bbox": [
            0,
            1388,
            39,
            1549
          ],
          "crop": "/jobs/ec92fe13-d6ec-41a9-a795-b458a3e9f753/crops/11_obj062_product.jpg",
          "crop_rel": "crops/11_obj062_product.jpg",
          "pred_label": "UNKNOWN",
          "pred_confidence": 0.8863005342600265
        },
        {
          "label": "product",
          "class_id": 0,
          "confidence": 0.32640036940574646,
          "bbox": [
            0,
            925,
            47,
            1091
          ],
          "crop": "/jobs/ec92fe13-d6ec-41a9-a795-b458a3e9f753/crops/11_obj063_product.jpg",
          "crop_rel": "crops/11_obj063_product.jpg",
          "pred_label": "UNKNOWN",
          "pred_confidence": 0.9895196793430622
        }
      ]
    }
  ]
}